index,name,release_date,summary,meta_score,user_review
1,Tony Hawk's Pro Skater 2,2000-09-20,"As most major publishers' development efforts shift to any number of next-generation platforms, Tony Hawk 2 will likely stand as one of the last truly fantastic games to be released on the PlayStation.",98,7.4
41,Gran Turismo,1998-04-30,"Welcome to the most advanced racing game ever created! Encounter exhilarating high-speed racing in 11 stunning environments. Feel handling agility and throttle response so convincing, the car seems to be an extension of yourself. Experience the extraordinary world of Gran Turismo!",96,8.6
118,Gran Turismo 2,1999-11-30,The world's most advanced racing game returns with thunderous new features.,93,9
301,Colony Wars,1997-10-31,Delivers the real experience with its spectacular cinematic graphics.,91,8.3
583,Final Fantasy Chronicles,2001-06-29,"When these games came out, they defined what adventures should be. Since then, they have become the most popular and sought-after titles in history. Now you can experience the re-release of two complete, classic games, enhanced with all-new cinemas and features never before seen in the U.S. Final Fantasy IV was previously released as Final Fantasy II, but has been completely restored with new magic, monsters, items, CG cinemas, and added features. Chrono Trigger is a re-release of the original game. This time-traveling prequel to Chrono Cross is enhanced with all-new animated scenes.",89,8.9
608,Tekken 2,1996-08-25,More than a sequel. The undisputed #1 fighting game on the planet.,89,8.3
1256,NBA Live 2001,2000-10-16,NBA Live 2001 follows the fine tradition established by previous versions while adding just about every conceivable gameplay option.,86,7.1
1612,Rollcage Stage II,2000-10-10,"The game may not have the lasting appeal of Psygnosis' Wipeout or Namco's Ridge Racer, but it has enough gameplay, eye candy, and bonus secrets to put it near the top of what the PlayStation has to offer.",85,8.4
2376,Super Puzzle Fighter II Turbo,1996-11-30,"Burst right into the feverish puzzle action that combines irresistible, addictive fun with famous Capcom characters. Beat your opponent to the punch by stacking block after block in strategic patterns and color combinations. Be the first to fill the opponent's screen with blocks and K.O. you win! But get ready for more, because you can't play just once.",83,8.5
2782,Final Fantasy Tactics,1998-01-28,"Featuring over 20 types of Jobs and 400 Abilities through the Job System, beautifully laid out 3D environments and the Charge Time Battle System, FINAL FANTASY Tactics provides strategy-intensive gameplay that takes a twist on the traditional RPG.",83,9.1
3903,Valkyrie Profile,2000-08-29,"You must gather the souls of fallen warriors and train them to fight at Odin's side. From the creators of STAR OCEAN The Second Story™, Valkyries Profile sets new standards for role playing games on the PlayStation® game console.",81,8.9
6908,Elemental Gearbolt,1998-06-30,"In a fantastic world divided by class and race, technology from a mysterious source has imbued a young prince with the key to unimaginable power. By means of a Neural Network Computer fueled by the grey matter of unfortunate 'volunteers', he plans to conquer the known world, replacing it with a new order of his design. The only fly in the ointment is disturbing reports of two powerful Elementals storming across the land on a direct course toward the palace. One or two players can assume the identities of these Elementals as they crusade for an unknown master toward a climactic battle. The gripping story unfolds by means of heart-stopping fully-3D action levels interspersed with gorgeous hand-drawn animation scenes. This is the game for which VISA was invented--what are you waiting for?",76,
9026,Syphon Filter 3,2001-11-05,"Syphon Filter 3 looks, plays, and feels more like an expansion pack for the previous games than a true sequel.",73,8.6
10299,NBA ShootOut 2001,2000-10-30,"989 has opted to take the easy road this time around, and the result is a basketball game that remains virtually unchanged from last year's version.",71,
14589,NFL GameDay 2002,2001-08-06,GameDay 2002 does a decent job of delivering a fun and somewhat realistic game of football to the PlayStation.,62,7.1
15859,Men in Black - The Series: Crashdown,2001-11-01,,59,6.4
16689,Suicide Guy,2018-05-10,Suicide Guy is set in the incredibile and extraordinary dreams of its protagonist. What would you do in order to save the thing you love most? Immerse yourself into his weird dreams and help him to wake up before it's too late.,55,6.4
17561,Family Guy,2006-10-16,"The first video game based on the hugely popular Family Guy TV show, the Family Guy game will feature the same outrageous humor all the fans know and love. Play through three stories that intersect in typical Family Guy fashion. Play as the loveable Peter, the diabolical Stewie and the charismatic Brian. Visit familiar locations around Quahog and interact with many beloved characters from the show. Funny and unique combination of combat, stealth and puzzle-solving gameplay. Take part in the jokes, parodies and sarcasm as though you were part of the show. [2K games]",50,5.5
18750,Mortal Kombat: Special Forces,2000-06-30,"Explore the world of Mortal Kombat! Play as the battle-hardened Jax in his search for his arch-enemy: the supercriminal Kano. Uncover the pieces to this mysterious story as you battle through complex levels using special moves, combos and weaponry to force the final showdown!",28,2.8
34,Tekken 3,1998-04-29,"An ancient evil force has reawakened, attacking in secret and feeding on the souls of mighty warriors. To lure it out of hiding will take the greatest fighting contest the world has ever seen...Tekken 3. Some are fighting for revenge, some for honor, Ultimately, all are fighting for their lives and the fate of all mankind.",96,9.1
70,Final Fantasy IX,2000-11-13,"The last Final Fantasy for the PlayStation, Final Fantasy IX returns to the pure fantasy roots that spawned the series. This latest installment features highly detailed characters, vehicles, and environments, and breathtaking cinema-graphics. The addition of brand new features such as the story-enhancing Active Time Event system and the return of minigames that grant additional gameplay make Final Fantasy IX not only a memorable gaming experience, but also a significant step forward in the series.",94,9
80,Chrono Cross,2000-08-15,"Featuring a storyline developed by the creator of Chrono Trigger and Xenogears, Chrono Cross has been christened the ""Best RPG Creation"" by its development team. With multiple scenarios cast along a single story thread, and many different endings, each replay can result in an entirely new adventure. In addition, a brand new battle system makes combat smooth and innovative by introducing an element field system and combo system that gives the player unparalleled flexibility in their fighting options. The elimination of random battles also quickens the pace of the game, and places the choice of where to battle in the player's hands. With character designs by a famed Japanese illustrator and music by the original Chrono Trigger composer, Chrono Cross features visuals and sounds that bring its magic to life.",94,8.8
98,Metal Gear Solid,1998-10-21,"You are Snake, a government agent on a mission to regain control of a secret nuclear weapons base from terrorist hands. Lightly armed and facing an army of foes, Snake must avoid firefights in order to survive. If Snake can locate them he can utilize advanced hardware, ranging from silenced pistols to ground-to-air missiles. Enemies react to sight and sound - so stay quiet and stay in the shadows. State-of-the-art graphics: textures, transparencies, models and explosions. Taut, gripping story with multiple endings - a truly cinematic experience.",94,9.2
124,Street Fighter Alpha 3,1999-04-30,Street Fighter Alpha 3...scores a triple K.O.!,93,8.6
2038,Knockout Kings 2001,2000-10-30,"Knockout Kings 2001 is easily the best iteration of the series thus far, thanks to improved AI, cleaner graphics, and tighter controls.",84,7.4
176,Wipeout XL,1996-09-30,"The original scorched the game world and became an instant classic. Fast-forward now to a brutal new generation of anti gravity racing. Loaded with faster, smoother graphics, more tracks, more crafts, and a range of nasty new weaponry. Wipeout XL will give you the rush of your life.",93,8.6
167,Castlevania: Symphony of the Night,1997-10-02,"As a descendant of Dracula, you must end the vampire bloodline. Can you rid the world of this unspeakable terror? Uncover the mystery of Castlevania and challenge an adventure as legendary as its name. Over 140 different enemies, bosses, and ghastly creatures. Awesome magical spells - transform into a bat, a wolf, or etheral mist. Hidden weapons, secrets, and characters...the largest Castlevania ever!",93,9.2
214,Vagrant Story,2000-05-15,"Relive an adventurous tale rich with agents, espionage, and conspiracies. Challenge deadly monsters and villains with your steel and magic. Clear your name by uncovering a sinister plot -- or perish in the attempt.",92,9
237,Tony Hawk's Pro Skater,1999-08-31,"Skate as legendary Tony Hawk, or as one of nine top pros. Work your way up the ranks by landing suicidal tricks in brutal competitions to become the highest-ranked skate champ.",92,8.8
251,Final Fantasy VII,1997-09-03,"An epic adventure across 3 cd-roms. What begins as a rebellion against an evil corporation becomes much more. And what erupts goes beyond imagination. With vivid landscapes, lush 3D animation and environments, Square Soft's multi-million dollar masterpiece is like nothing ever seen before.",92,9.1
258,Medal of Honor,1999-10-31,"Tomorrow is D-Day. Tonight you land behind enemy lines. The tide of the way is in your hands. You are an elite Special Forces agent sent to execute covert operations, search and rescue missions, and commando raids. Fight to win the medal of Honor in the only game that lets you take on Nazis in WWII.",92,8.7
259,PaRappa the Rapper,1997-10-31,Help Parappa rap with the best of the master rappers and straight into Sunny's heart. Guaranteed you'll be singin' and dancin' along with Parappa and his pals to the most fun of mixes.,92,7.5
310,Spyro: Year of the Dragon,2000-10-23,"Thieves have kidnapped a brood of dragon eggs, while, elsewhere in the Dragon Lands, a gateway to the Forgotten World has been uncovered. Sent to recapture the eggs, Spyro the Dragon, and his best friend Sparx, face a journey into uncharted territory against his most fearsome enemy yet - the Sorceress! All new playable characters, frantic challenges and new exciting worlds to explore - the Year of the Dragon begins here!",91,8.9
311,Tomb Raider,1996-11-15,"Climb, swim, and backflip your way through a maze of cryptic deathtraps so realistic you can practically smell the decaying flesh. Unload an arsenal of lethal firepower on any wild-dog, giant lizard or blood-thirsty mercenary that gets in your way. Your mission is the deadliest one to date -- the recovery of the fabled Scion, an incredible treasure reputed to give its possessor vast power. Get ready to cross the globe to take on impossible odds while exploring Incan ruins, Ancient Rome, Egyptian Pyramids, and the Lost City of Atlantis...",91,8.4
347,Resident Evil 3: Nemesis,1999-11-11,"A month and a half have passed since the mansion lab incident and now the secrets come back to haunt you in Resident Evil 3: Nemesis. Join Jill Valentine in her attempt to escape a nightmarish city in ruins. Around every corner lurk hordes of flesh-eating zombies, hideous mutants, and a relentless new nemesis. You'll soon rely on cunning and brute force to stay alive. The Resident Evil series has taken a horrifying turn, unveiling new layers in the Umbrella Corporation's devious activities.",91,8.5
350,Resident Evil,1996-03-30,"Raccoon City has been completely overrun by mutant beasts and bloodthirsty zombies. You are a member of S.T.A.R.S.--a rescue squad sent into the community to investigate the ominous mansion at the core of the disaster. Take the role of operative Jill Valentine or Chris Redfield and uncover the secrets behind a radical, genetic research facility. With an array of weapons to master and horrors around every corner, the ultimate test may be just to make it out alive.",91,9.1
368,Legacy of Kain: Soul Reaver,1999-08-16,"Cast down to the material world, the mysterious entity 'Raziel' seeks vengeance for betrayal by his master: Kain. Cursed to stalk the dark realms of Nosgoth, he must slay his undead brethren; only then can he absorb their souls for the energy he craves. Moving between the spectral and material plane, Raziel must negotiate puzzles, overcome traps and defy blood-chilling enemies to reach his goal - the final battle with Kain!",91,9
392,Crash Bandicoot 3: Warped,1998-10-31,"This time the game takes place across a great expanse of time and space, making for greatly diverse level designs, which in turn keep the game fresh.",91,9
415,Ape Escape,1999-05-31,"A boisterous band of baboons carry out a daring zoo escape. It's ape anarchy and it's up to you to stop the chimps before they make chumps out of the human race! Use both analog sticks to operate great gadgets including a Tank, a Remote Control Car, a Stun Club, and a Time Net in your quest to hunt down over 200 apes!",90,8.4
416,Syphon Filter,1999-01-31,"While it may not be an original concept, the game is truly greater than the sum of its many parts.",90,8.7
437,Dance Dance Revolution,2001-05-09,"Dance Dance Revolution brings the dance floor to the home floor. Straight from the arcades, the hottest dancing game lets you step into the spotlight and show your moves on the PlayStation® game console. Heat up the dance floor and put your skills to the test as you move to the groove. Let the pulsating music and colorful graphics excite your senses while you become a star.",90,8.4
473,WWF SmackDown! 2: Know Your Role,2000-11-21,"Prepare for the most outrageous WF experience ever created. Brawl in the ring, backstage, in the VIP room, the parking lot of the new WF New York. Let your fury rage in the new Tornado Tag Team mode. If that's not hardcore enough, pull out the tables, ladders or chairs and really get nasty.",90,8.4
514,Colin McRae Rally 2.0,2000-12-05,Colin McRae Rally 2.0 represents one of the most solidly addictive racing experiences that money can buy.,90,8.4
536,Madden NFL 2001,2000-08-22,"Get ready for a dose of bone-crunching football action on the PlayStation 2 with Madden NFL 2001. Madden NFL 2001 features an all-new and exclusive NFL Coaches Club license, which means you'll see coaches on the sidelines and hear them yelling encouragement, comments and criticisms. Madden 2001 also features individualized details, easy-to-use interface, dynamically enhanced audio and play-by-play recorded with John Madden and his broadcast partner, Pat Summerall, and more!",90,6.8
537,Final Fantasy VIII,1999-09-07,"The next chapter in Final Fantasy takes the series to the next level. Final Fantasy VIII combines an epic storyline with dynamic role-playing elements, breathtaking music, and well-defined characters. The world of Final Fantasy VIII comes to life in a dazzling display of digital artistry that spans four CDs. With the addition of an hour worth of CG animation, a new ""Junction"" system, and compatibility with the Dual Shock Analog Controller, Final Fantasy VIII is a breathtaking addition to the series.",90,8.7
564,Wipeout 3,1999-08-31,The world's fastest PlayStation racer returns.... This is the ultimate anti-gravity racing experience by which all others are judged.... Accept no substitutes.,89,8.8
673,Resident Evil 2,1998-01-21,"Ready or not, the terror of Resident Evil 2 is here. In chapter one, the case of the disastrous T-virus outbreak--a mutagenic toxin designed for biological weapons--was eventually closed but the experiments were far from over. Control the destiny of Leon Kennedy or Claire Redfield as their nightmare begins when a biotech terror runs rampant in Raccoon City. Relentless zombies and hideous monsters are all out for a taste of your blood. If the suspense doesn't kill you, something else will.",89,9.2
683,Einhander,1998-05-05,"Pilot the most technologically advanced shooter ever created. You're a suicide pilot up against Earth's final assault. Cut through hordes of enemy fighters and battle the most monstrous bosses ever designed. Pilot fully loaded tactical fighters. Modify speed and agility on the fly. Single, double, and triple gunpod designs. Extendible claw for stealing enemy weapons. Armed for gatling guns, homing missiles, cannons, and more. Two bonus fighters earned through meritorious battle.",89,8.8
710,Grandia,1999-09-30,"Join Justin and friends on an epic journey through a captivating story line, providing over 80 hours of intensive gameplay. With vast polygonal worlds to explore and extensive character interaction, Grandia features innovative gameplay with a unique magic combination and character development system and a choice of two battle modes; classic turn-based or automatic.",89,7.7
747,R4: Ridge Racer Type 4,1999-05-01,"""R4 has to be the best-looking PlayStation racer ever (yes, edging out even Gran Turismo)"" - Official PlayStation Magazine, December 1998",88,8.7
745,NHL 2001,2000-09-26,"While it's not the most beautiful hockey video game, NHL 2001 comes through where it counts - the gameplay.",88,7.3
764,Crash Team Racing,1999-09-30,It's a multi-player kart racing game starring your favorite bandicoot CRASH and a host of his friends...and foes! The stakes are high and the competition is fierce. Ready...Set...GO!!!,88,9
11391,NASCAR Thunder 2002,2001-10-02,A number of unfortunate gameplay adjustments overshadow the few welcome additions found in this year's release.,69,7
11392,Destruction Derby Raw,2000-09-26,Destruction Derby stands alone as the premier demolition racing series on the PlayStation.,69,7
867,Madden NFL 2002,2001-08-13,"While Madden 2002 isn't reinventing football on the PlayStation, it is really the best you're going to get on the system.",88,7.3
965,Oddworld: Abe's Exoddus,1998-10-31,"If you hated the first one, it's likely because of the lack of save points, so you should definitely consider giving this series another try.",88,8.5
1009,Tony Hawk's Pro Skater 3,2001-10-29,"You may not be able to live like the legend, but now you can skate like him. Skate as the legendary Tony Hawk or choose from a dream team of 12 top pro skaters, including old favorites like Lasek, Thomas, Muska, and Steamer, as well as new talent like Gilfberg, Caballero, Koston, and Mullen. Or enjoy full customization abilities with the enhanced Create-a-Skater (now including female skaters) and the Skatepark Editor. Travel from L.A. to Tokyo, Suburbia to Skater's Island performing challenges and meeting goals. New moves include the Revert, which allows you to link vert tricks, and flatland tricks such as Caspers, the Primo, and Handstand Manual. If you're good, you can even unlock hidden pro footage.",87,7.9
1201,Driver,1999-06-30,"In Driver, you are the wheelman in a series of Hollywood-style car-chases. A great getaway driver is only as good as his equipment, which is why Driver has a selection of performance-packed muscle cars, complete with realistic handling, damage modeling, and real-world physics reactions. Driver also comes fully equipped with a replay/director mode that gives you all the necessary tools to ""film"" their own car chase and multiple views that allow you to look around when you're driving. Put the pedal to the metal and be the best driver around.",87,8
1232,Spider-Man,2000-08-30,"YOU DON'T JUST PLAY IT... YOU LIVE IT He spins a web, swings across the sky and lands with a somersault onto the Daily Bugle building. Who is this masked hero? It's you! Fight, jump and web-sling as Spider-Man as you take on a legion of sinister villains. The city is depending on you. Start swinging...",87,8.6
1233,Tenchu: Stealth Assassins,1998-08-31,"Prowl and strike with lethal precision as ninja assassins Rikimaru or Ayame in the shadowy world of feudal Japan. Armed with mystical weapons and sheer cunning, you must shed blood with discretion and move without detection. For only the unseen survive. Master dozens of motion-captured ninja moves as you disembowel fearsome samurai, wild beasts, and evil demons. Wield 20 stunning death-dealing devices, including throwing stars, grappling hooks, caltrops and more. Stalk the towns, temples, forests, caves and dungeons of 16th century Japan in 10 deadly missions.",87,8.8
1258,Silent Hill,1999-01-31,"A young man searching for his daughter - struggling to exist in a place between reality and hell - a town hiding gruesome, dark secrets. Follow a trail of blood and mutilation to snatch a loved one from the clutches of a demonic power. Enter an alternative dimension where death is no escape. Welcome to the madness that is Silent Hill...",86,8.9
1343,Lunar 2: Eternal Blue Complete,2000-12-15,"The enchanting world of LUNAR comes to life once more in the enhanced PlayStation game console version of the classic RPG sequel. Join freewheeling Hiro and the adorable Ruby, a thousand years after the events of LUNAR: Silver Star Story, as they work to unlock the secrets of the Blue Spire... and the strange young girl they found within it! But be careful - dark forces are trying to revive the evil Zophar, and immerse LUNAR in darkness forever. Journey to distant lands in the search of the Goddess Althena, who may be the only one powerful enough to stop Zophar. Along to way, you'll meet exciting new caracters, fight vividly animated monsters, traverse snow-covered mountain peaks, and crawl throught slimy dungeon depths as you wind your way toword the terrifying climax! LUNAR 2 features almost an hour of detailed animation sequences and over 90 minutes of dialogue packed onto three CDs... so what are you waiting for? Go ahead, you deserve to be the hero for once!",86,8.8
1344,Alundra,1997-12-31,"Plagued by strange visions, the Dreamwalker Alundra is summoned to a troubled village where great evil lies in wait. Explore huge dungeons, find deadly weapons, solve challenging puzzles and fight the cast of foul creatures out to stop you in your tracks. This vast, enthralling adventure will keep you wide awake to the very end.",86,8.7
1398,Medal of Honor Underground,2000-10-23,"Germans invaded your country. Your leaders surrendered, and some are now collaborating with the enemy. Join the resistance and battle the Reich from Paris to North Africa.",86,8.8
1399,Dino Crisis 2,2000-09-29,"In the first Dino Crisis, Regina fought for survival against raging prehistoric dinosaurs and helped capture rogue scientist Dr. Kirk, but the threat is far from over. Despite these past events, research continued on Third Energy, which led to the disappearance of a military base, a research institute, and an entire town. Armed with the latest in heavy artillery, Regina and her team get to the root of this latest catastrophe. With more dinosaurs, environments, and weapons, you must be ready to hunt or be hunted.",86,8.8
1401,Need for Speed: High Stakes,1999-03-01,"It doesn't really mess with the formula of the last game, but adds enough new features and options to keep its fans excited.",86,8.5
1576,Oddworld: Abe's Oddysee,1997-08-31,"In a lush of diabolical danger where everyone wants to eat you, you're the skinny guy with no weapons. Run, jump, hide, scramble and talk your way past the ugliest bunch of carnivorous crustaceans ever created. Unlock Abe's special powers then figure out your foes, and you might save your race. Don't, and you're dinner! Enter Oddworld's surreal, sensory overload of pure gaming and claim your destiny.",85,8.8
1656,Metal Slug X,2001-04-14,"Brace yourself for non-stop battle action in the hit straight from the arcades! In Metal Slug X, you'll chose from four tough-as-nails soldiers ready for missions that only the best could survive. Rescue hostages while blowing terrorists back to the stone-age using your personal weaponry AND their own machine!",85,8.7
1727,FIFA 2001 Major League Soccer,2000-11-14,"Though FIFA 2001 is a solid enough game in its own right, the game's lack of innovation or significant upgrades keeps it from having the same impact as FIFA 2000.",85,7
2016,Xenogears,1998-10-20,"A mysterious organization is turning the tides of a century-long war with ancient technology - giant combat robots known as Gears. A failed attempt to steal one of these powerful weapons places it in the unwilling hands of young Fei and his dubious allies. Now he is pursued by military governments, royal pirates, spies, the emperor, and his own forgotten past.",84,9.2
2085,Fear Effect 2: Retro Helix,2001-02-21,"Fear Effect 2: Retro Helix is the prequel to the critically acclaimed hit Fear Effect on the PlayStation game console. In this chapter, we delve into the colorful histories of the original cast of three mercenaries as well as the extraordinary circumstances that brought them together. - Hana Tsu-Vachel, our beautiful assassin, trained to deal in love as well as death, desired by many yet belonging to none. - Royce Glas, a master operative in the field of counter intelligence whose daily existence is haunted by his dark past. - Jakob 'Deke' Decourt, a cold-blooded killer driven by money and murder. - Introducing Rain Qin, close companion to Hana with unparalleled beauty wrapped around a dark secret core. Their adventure will take us to the chaotic alternate reality of Hong Kong, Hells Kitchen in New York City, the formidable Walled City of Xi'an, the lost tomb of the First Emperor of China and finally into the legendary mountain-island of the immortals; Penglai Shan. As they reach their final destination and come face to face with Rain's evil twin sister Mist, in this faithful moment in time, you will get to decide who is to live and who is to die.",84,7.2
2169,Dead or Alive,1998-03-31,"The fighting game you've been waiting for...Purist fighting for purist fighting fans. No lightening bolts, no magic tricks, no weapons...Your survival is all in your own hands.",84,8.5
2258,Dance Dance Revolution Konamix,2002-04-25,"The hottest dancing craze continues with a brand new sequel to Dance Dance Revolution. Straight from the arcades, step into the spotlight and put your skills to the test as you move to the groove. Get ready to dance the night away with all-new songs and game modes. Let the pulsating music and colorful graphics excite your senses while you get your dancin' fix with Dance Dance Revolution KONAMIX.",84,8.7
2485,Bushido Blade,1997-09-30,"""Bushido"" is the soul of Japan - an ancient honor code deeply followed by samurai warriors for centuries. Plunge into real world battles across vast 3D environments that you can run, slice and tear through. Sword matches become unbelievably real where one critical blow is the mean difference between death and victory.",83,8.4
2610,Persona 2: Eternal Punishment,2000-12-22,"Welcome back to the twisted world of Persona, where nightmares become reality and reality becomes a nightmare... Over 50 hours of dark twisted gameplay, plus stunning anime cinematics that absorb you into the intriguing world of Persona! Enlist the help of the nightmarish denizens of Persona through the use of the unique ""Contact System!"" Unleash total devastation by combining over 80 Persona to defeat the minions of evil. Change the fate of your characters by employing the revolutionary ""Rumor System.""",83,4.5
2783,Ace Combat 2,1997-07-31,"We've devised a weapon that's deadlier than a smart bomb. It's called a smart pilot. Now, Ace Combat 2 pits you against a whole squadron of them - 3-D polygonal jet jocks that maneuver like the real deal, turning every scorching sortie and dogfight into a kill-or-be-killed situation. With nearly double the missions of its predecessor, you'll double your chances of taking out the enemy. (Or taking a heat-seeker up the exhaust.)",83,8.7
2840,Breath of Fire IV,2000-11-28,"After centuries of war, the two lands bordering an impenetrable swampland have finally reached an armistice. Mysteriously, the noble Princess Elena disappears somewhere near the war-ravaged front lines. Distraught, her sister Nina goes in search of the Princess alone and on her journey, meets a mysterious young warrior named Ryu. Their destinies soon entwine. The next chapter in the epic tale of magic and mystery now unfolds. The fate of what lies ahead rests in your control.",83,8.6
2925,Dave Mirra Freestyle BMX,2000-09-26,The only major flaw in Dave Mirra Freestyle BMX is that the game is a touch on the easy side.,82,7.1
3341,Suikoden II,1999-08-31,"Sequel to the early PlayStation RPG. As a member of the Alliance, a military force only really hinted at in the original, you play the unwitting hero of the game: an orphan who has been raised by a quiet, unassuming battle hero in a seemingly ancient war. Alongside you in the ranks is your best friend Jowy, a boy born of nobility but who has never been able to receive approval in his stubborn father's eyes. As the game begins, you are immediately tossed into a tale of political strife, betrayal and war on a grand scale beyond your scope in the early stages. As the game wears on, the plot will twist, turn and develop in numerous ways that expose the personalities of each of the characters involved. The battle system is turn-based, with the option to equip Runes for special abilities, combine party member attacks to create chain combos or devastating spells, and the option to run the battle in Auto mode.",82,9.2
3577,Brave Fencer Musashi,1998-10-31,"Brave Fencer Musashi has been summoned to stop an ancient evil force, to save the kingdom and rescue the princess. Embark on a wild, comical, Action/RPG adventure in a massive 3-D world filled with platform-style action, two-fisted sword fighting, challenging puzzles, and scores of enemies whose skills Musashi can learn and use to his advantage. Locate five powerful magical scrolls to conquer the twisted Thirstquencher Empire.",81,8.6
3853,FIFA Soccer 2002,2001-11-01,"The PlayStation version of FIFA 2002 doesn't quite have all the features available on the PlayStation 2, but it makes a solid case for an investment on its own.",81,5.6
3858,Parasite Eve,1998-09-09,"One of them is a police officer. The other is possessed by an ancient evil threatening all life on Earth. The horrifying bond between them will continue until something dies. A chilling adventure that could only come from the creators of Final Fantasy VII. An epic sci-fi tale told through stunning 3D rendered sequences. Battle mutant monsters in real-time polygon combat. Customize weapons, armor, and character abilities.",81,9
4065,Star Ocean: The Second Story,1999-05-31,"In an endless sea of stars, at the edge of the universe, a single fateful encounter is about to take place. The Gods have hurled a deadly meteorite into an unsuspecting planet, unleashing powerful mysterious and sudden chaos. Now, two people from different worlds will collide into a journey so deep, they might never make it back.",80,8.5
4213,Final Fantasy Anthology,1999-09-30,"Final Fantasy Anthology combines two titles from the Final Fantasy series and offers PlayStation owners a glimpse into the past. Huge worlds, in-depth storylines, and innovative battle and magic systems, and an incredible cast of characters all make for a deep gaming experience. The inclusion of Final Fantasy V marks the first time this title has appeared on a console in North America. Final Fantasy VI, originally released as Final Fantasy III on the SNES system in the U.S., makes its first appearance on the PlayStation. Both games in this compilation feature never-before-seen CG movies, adding to the appeal of these classics.",80,8.6
4270,Jarrett & Labonte Stock Car Racing,2000-10-03,Jarrett and Labonte Stock Car Racing is a solid racing game that's great fun for anyone who really enjoys spending a great deal of time learning all the ins and outs of a totally in-depth racing game.,80,7.7
4355,Mat Hoffman's Pro BMX,2001-05-14,The soundtrack rivals Wipeout XL for the title of best licensed soundtrack ever.,80,8.3
4465,Incredible Crisis,2000-11-06,"The severe fun of Incredible Crisis is all about maintaining your sanity, as you help Taneo's family get home in time for Grandma's Birthday. It's a happy day and the worst day of their life, as they endure hundreds of hilarious and cardiac-arrest inducing dilemmas. You'll laugh, cry, freak-out and perhaps soil your shorts, while your mental and physical reflexes are put the test. The controls are simple, but thumb and forefinger injury is still a risk. Be warned, this game is severely fun and may cause obsessive compulsive behavior, if not nervous disorders and/or involuntary twitches.",80,8
4934,Final Fantasy Origins,2003-04-08,"Final Fantasy Origins delivers the first two games in the Final Fantasy series. Originally released in 1998 in Japan, Final Fantasy II never came to North America, but now RPG fans will be able to experience the emotion-packed sequel and its predecessor with all-new event scenes, enhanced graphics, and improved sound. Whether you're on a quest to recover a magical Crystal or on a journey to stop a merciless ruler, both games provide grand stories complemented with deep characterization and touching music.",79,8.5
4938,Parasite Eve II,2000-09-12,"Aya Brea is back. The Neo Mitochondrion Creature infestation has resurfaced and taken on a sinister twist. The outcome of this battle will determine earth's dominant species. Horrifying CG cinemas and sharper graphics bring the shocking new storyline to life as Aya hunts for the source of the outbreak. Fully-upgradable weapons, customizable armor, and a new, real-time battle system will aid in the conflict, along with powerful new Parasite Energy abilities.",79,8.8
5142,RayStorm,1996-12-31,"Grab your oxygen mask and jump into the future of interplanetary defense. The year is 2219AD, and Earth's Star Federation has unleashed the R-GRAY advanced tactical combat fighter to save the planet from certain destruction at the hands of the bloodthirsty Secilia Federation. Despite impossible odds, you must now command a specially outfitted R-Gray fighter to defend Earth from certain destruction. Each fighter is equipped with lock-on lasters, pulse lasers, and a single devastating assault laser array that can destroy all sighted targets as once. Even with this technology at your disposal, the battle will not be easy. Earth's forces are depleted, and the merciless hordes of Secilia will settle for nothing less than complete annihilation of Earth. Fortunately, Star command has created two R-GRAY prototypes, so if you need extra firepower, a skilled friend can fly at your side. Whether you fly solo or with a friend, the intense sound, action, and arcade-perfect Hyper-3D visuals will blow you away!",79,7.6
5454,Tales of Destiny II,2001-09-10,"Embark on a heroic journey to discover the truth behind an enigmatic stranger and the ominous message she brings. For years, life in the sleepy village of Rasheans was routine and peaceful - that is, until the day a spacecraft crashed in a nearby forest leaving nothing but wreckage, a mysterious girl, and a desperate warning of catastrophe. Join Reid, Farah, and other valiant heroes as they set out to discover the origin of the stranded girl and the truth behind the fate of their worlds.",78,8.5
5557,Arc the Lad Collection,2002-04-18,"The Arc the Lad Collection is ultimately an interesting, varied, and rewarding experience that has a tendency to sometimes get bogged down.",78,8.8
5634,Need for Speed: Porsche Unleashed,2000-02-29,"Need for Speed: Porsche Unleashed tests your driving skills while you test-drive some of Porsche's most popular cars. In the game, you'll compete in levels that feature twists, turns, and various driving conditions. You can participate in different types of races, including circuit, streetcar, open road, and more. Survive all the crashes, police, and track challenges to earn prizes and respect. With enough money, you can purchase different custom parts for your vehicle.",78,8.2
5749,MLB 2003,2002-06-17,"If you must have a baseball game that features the latest player rosters and you're bound to the old PlayStation, MLB 2003 is the best and only choice.",78,7.4
5763,Lunar: Silver Star Story Complete,1999-05-28,"Return to the world of LUNAR, in the completely reworked 32-bit version of the RPG classic. Journey back to a place where dragons yet live, and magic is valued above all else. Join Alex, the young adventurer, as he begins a quest with his friends to save their land from the crushing advance of the Magic Emperor. Explore Dungeons, fight terrifying monsters, and gather information from the locals as you advance toward the explosive encounter with the Magic Emperor himself! Exciting, menu-driven combat will keep you challanged until the last. And, thanks to the storage power of CD and the PlayStation's built-in movie player, LUNAR contains nearly an hour of incredible animation sequences that will get you involved in the story faster than you ever thought possible. Get ready for the ride of your life...",78,8.8
5823,Dragon Warrior VII,2001-10-31,"You plan to become a humble fisherman of peaceful Estard Island, the only land in a world of ocean. But when you discover the artifacts from an ancient land, you tear the fabric of time and unveil the world that once was. Transported to past lands, you must solve their mysteries and break the spell of annihilation. Prepare for your destiny!",78,8.5
5985,NHL FaceOff 2001,2000-09-05,"If you own either of the past two renditions of NHL FaceOff, you really have no reason to pick up 2001.",78,
6118,Alone in the Dark: The New Nightmare,2001-06-18,"From the moment Edward Carnby and Aline Cedrac set foot on Shadow Island, they are confronted by mysterious, evil creatures intent on thwarting their progress to recover 3 ancient tablets believed to hold the secret key to some incredible menacing phenomenon. Fears threaten from every corner. The slightest shadow could be hiding deep secrets, or concealing worse nightmares...",77,8.3
6119,Tenchu 2: Birth of the Stealth Assassins,2000-08-07,"Before the events of Tenchu, the House of Gohda is rocked by betrayal. As shadow warriors Rikimaru, Ayame and Tatsumaru, you are called on to restore pride to the name of your master. For you have been born to a life of honor... a life of stealth. Discover even more ways to slay your foes with 21 new stealth kill techniques. Take on the role of three ninja assassins, each with their own story and fighting techniques. Strike from the shadows in 29 new day and night stealth missions. Utilize a variety of new ninja weapons and items, like flaming arrows and invisibility.",77,8.7
6783,Mega Man X5,2001-02-01,"The year is 21XX and the chaos of the Reploid Wars has passed. Lunar colonization is at its peak. The largest colony, Eurasia, is unexpectedly taken over by an unknown band of galactic terrorists. It's artificial gravity device has been hacked and Eurasia is now on a collision course with Earth. The only way to stop it is to deploy and ancient beam cannon, Codename: Enigma. Join Mega Man X and his pal, Zero as they race against time to collect the necessary parts to restart Enigma, prevent total annihilation and save life on Earth!",76,8.9
6784,Tomb Raider III,1998-11-21,"Join Lara in her biggest adventure to date in the phenomenal Tomb Raider series. Play through five huge worlds, in any order, on the quest for an ancient meteor rumored to have life-giving powers. New puzzles, environments, and even a few old enemies, like the infamous T-Rex await you. From the jungles of India to the icy wastes of Antarctica, across the rooftops of London and into the depths of Nevada's mysterious Area 51, Lara is ready for anything. Prepare to be amazed!",76,8.1
6896,Triple Play Baseball,2001-03-12,Triple Play Baseball is one of those rare games that really draws you into the experience with fantastic gameplay and quality graphics and sound.,76,7.2
6978,Toy Story Racer,2001-03-05,"It's no Crash Team Racing, but Toy Story Racer provides plenty of challenge for young and old alike.",76,8.3
6980,Star Trek: Invasion,2000-06-29,"Stardate 54101.02 It's the 24th Century: Borg vessels are rapidly approaching near space, Romulans are suddenly attacking Federation vessels and a respected Starfleet Captian has turned renagade, taking his ship with him! As a hotshot pilot in the elite Red Squad tactical strike force, under the command of Lt. Commander Worf, you must uncover the plot behind this deadly pattern of events and fight back to save the universe from a doomsday scenario. Flying a prototype single seat combat fighter, codenamed ""Valkyre"", you and your squad members are in for the fight of your lives...",76,7.6
7102,Mega Man Legends 2,2000-10-24,"Mega Man, Roll and all your favourites are back in an entirely new 3-D adventure. Far away, in an isolated wasteland, a mysterious girl and an infamous treasure have been discovered. It's the legendary ""Sealed Key"", rumoured to unlock an even greater mystery known as the Great Legacy. What power does the Great Legacy hold? Now, a race unfolds as Mega Man and his friends embark on a journey which will alter their destinies forever.",76,8.8
7522,Chicken Run,2000-11-13,"Behind the barbed wire fence of Tweedy Farm, Ginger is a chicken with a mission. Fearing for the lives of her friends, she is determined to escape to freedom before it is too late. To do this she enlists the help of Rocky, the smooth talking, flying Rooster...or is he? Guide a rescue attempt to get all of the chickens to safety before they end up as pies. To do this you will have to sneak around the farm collecting objects necessary for the escape. Be careful not to disturb the dogs and avoid being caught by Mr. and Mrs. Tweedy at all costs in this humorous, 3D action game.",75,6.9
7861,Toy Story 2: Buzz Lightyear to the Rescue!,1999-11-30,"As space hero Buzz Lightyear, you've got your hands full. Your best buddy, Woody, has been kidnapped by a greedy toy collector and it's going to be an all-out race against time to save him.",75,8.1
7922,X-Men: Mutant Academy,2000-07-11,"X-Men sticks close to the standard fighting game formula, and as a result, it manages to be fun for a short period of time.",75,7.6
8120,The Legend of Dragoon,2000-06-11,"A peaceful beginning. The legend was born 10,000 years ago. A violent uprising. A civilization of flying creatures enslave the human race. A bloody war. In a bid for freedom, the humans harness the spiritual forces of Dragons and triumph. Tranquility and harmony exist between all. But the past and the future are about to collide...Unveil a fantasy of Magnificence, Deception, Magical Combat and Retribution. Transform into Dragoons and unleash extraordinary powers. Incredibly diverse characters wield unique weapons and Dragoon attacks powered by the forces of Earth, Light, Fire, Wind, Lightning, Water and Darkness. Totally unique and innovative tactical combat ""Additionals"" System.",74,8.9
8432,Spider-Man 2: Enter: Electro,2001-10-19,"The city is at risk, and only you can save it from the evil clutches of an old enemy: the powerful Electro. He has a mysterious new device that will make his million volts of destruction even more deadly. But, with Spider-Man on the job, Electro is in for the shock of his life.",74,8.4
8507,Capcom vs. SNK Pro,2002-08-14,Two monster corporations at war. One solution. A massive martial arts event is organized to settle the score and eliminate all conflict between the two parties. Join over 30 brawlers from Capcom's legendary Street Fighter and SNK's renowned King of Fighters series; as they fight for universal domination. Capcom vs. SNK PRO...the ultimate collision of strength and power.,74,8.5
8510,Dance Dance Revolution Disney Mix,2001-09-17,"If you're a DDR fan who hasn't already imported the bevy of dancing games available in Japan, DDR Disney is worth checking out.",74,8.2
8635,Army Men: Air Attack 2,2000-09-26,"Plastro, the nefarious leader of the Tan army, has enlisted the help of the villainous Baron von Beige to help him set a trap for Captain Blade! The Alpha Wolf Squadron once again 'takes to the skies' with an onslaught of new missions, improved helicopters and more pyrotechnic weaponry than ever before. Join the Air Cavalry as they face a host of challenging foes in their efforts to stop the General's evil plans.",74,6.7
9027,NFL GameDay 2001,2000-10-30,"In the end, GameDay 2001, aside from its obvious roster updates and a few minor additions, is totally identical to last year's title, which was a really good game.",73,
9086,Disney's Atlantis: The Lost Empire,2001-06-14,Atlantis: The Lost Empire is based on the Disney movie of the same name and follows the exploits of four characters from the movie as they attempt to discover the hidden underwater world.,73,8.1
9158,Saiyuki: Journey West,2001-08-13,"A Journey of Friendship...A Journey fraught with Danger...A Journey to Save the World...A Journey West. Based on one of the most popular legends of China, Saiyuki takes you on an epic journey from China to India and back. Recruit the Monkey King, Son Goku, and others like them to defeat untold monsters along the way.",73,8
9227,Supercross,2000-11-21,A mere $40 investment stands between you and one of the best arcade-style motorcycle racing games the PlayStation has to offer.,73,
9230,NASCAR 2001,2000-09-19,"Despite the haphazard audio, NASCAR 2001 is definitely a game that's worth owning.",73,7.1
9378,Looney Tunes: Sheep Raider,2001-09-27,"Based on one of the most popular cartoons in the Looney Tunes library, players will direct Ralph Wolf throughout the flock of sheep while avoiding detection by Sam Sheep-dog. Your mission, of course, is to use all sorts of outrageous mail-order equipment (Acme, naturally) to get to some delicious lamb chops.",72,8.6
9514,RC Revenge,2000-08-16,RC Revenge is intensely playable and highly polished - a far cry from its predecessor.,72,
9829,X-Men: Mutant Academy 2,2001-09-17,"Train with Professor X to unleash your super-powers and polish your combat skills. Master all-new, over-the-top moves-including aerial combat-as you fight through the ranks of mutants and prove you have what it takes to earn X-MEN status. Plus, get a behind-the-scenes look at X-MEN the Movie concept sketches, costumes and more!",72,8.4
10152,Time Crisis: Project Titan,2001-06-20,"Hard-core Time Crisis fans and those just looking for a good gun game would do well to pick up this game, but the antiquated presentation, lack of options, and brutal continue system will make this at best a rental for most.",71,6.5
10211,NCAA March Madness 2001,2000-12-06,EA added the new coach mode and polished an already stellar game into the best college hoops simulation for the PlayStation.,71,
10535,Looney Tunes Racing,2000-11-13,"Rev your engines - It's time to burn some Looney Tunes rubber! ACME Corporation, the corporate juggernaut behind such successful products as the Acme Disintegrator Gun and the Acme Portable Hole, is sponsoring a number of racing contests all over the universe for the Looney Tunes characters to compete for the looniest racing champion title.",71,7.6
11348,NCAA GameBreaker 2001,2000-08-21,NCAA GameBreaker 2001 is basically the same as last year's model.,69,
10720,MTV Sports: Pure Ride,2000-09-30,"MTV: Pure Ride is an excellent snowboarding game, but it's yet another example of a development house shifting the majority of its resources to the next generation of hardware.",70,
10721,Thunder Force V,1998-08-31,"Easily as good as Raystorm or G-Darius and tough competition for Einhander, Thunder Force V is a shooting fan's dream.",70,7.4
10771,Championship Motocross 2001 Featuring Ricky Carmichael,2001-01-30,"It's a solid game that's fun to watch, but it's no longer the only game in town.",70,8.8
11166,Grand Theft Auto 2,1999-10-25,"Even though the gameplay is largely the same as in the previous GTA, it's still a lot of fun.",70,7.7
11436,Castlevania Chronicles,2001-10-08,"Count Dracula has been resurrected to begin a new reign of terror across the land. As Simon Belmont, descendant of legendary vampire hunters, you enter Dracula's estate to face the Count and his minions - alone. Be prepared for one of the first adventures in the Castlevania series ever!",69,7
11546,Strider 2,2000-07-29,"Out from the underbelly of a dark and dangerous future, emerges an elusive hero who wages war for peace and justice. Now, one of the world's most legendary heroes, Strider Hiryu, returns on the PlayStation® game console. Armed with his light sword, Cypher, Strider blazes through the darkness to battle the evil dictator, Grandmasters. Featuring 2 discs of gritty action adventure, this highly anticipated sequel also includes an incredible bonus... the original Strider game.",69,8.3
11547,Silhouette Mirage,1999-12-31,"In an apocalyptic future, the Edo computer has gone beserk, dividing the world's inhabitants into two mutant classes. Silhouette and Mirage. Now, the watchguard computer safety system has sent forth the Messenger of Justice to travel to Edo and repair the damage before the world is lost forever. As the Messenger, Shyna Nera Shyna, blast, beat, and bash your way through seven wild and bizarre stages using friendly parasite weapons to aid your advance against wacky enemies, huge fully-animated bosses, and devilshly difficult obstacles. Providing the utmost in playability and replayability, the game wizards at Treasure, the brilliant minds behinds such international hits as Gunstar Heroes™, Dynamite Headdy™, Mischief Makers™, and Guardian Heroes™ have come up with another sure-fire classic that pushes the 2-D capabilities of your PlayStation® game console to its limit, and come up with a hit!",69,7.3
11918,Crash Bash,2000-11-06,"Crash and his friends are back in a knockdown, drag-out arena rumble. Get ready to ride, race, jump, throw, and battle it out to the finish in frantic, head-to-head battles, and heart-pumping chases. Choose your favorite character, including Crash, Coco, Dr. Neo Cortex, and new baddie Rill Roo, and race for points in more than 30 competitive events. With a Multitap, you can race up to three of your friends and show who's the top bandicoot. It's a good old-fashioned bandicoot brawl.",68,8.1
11969,Ducati World Racing Challenge,2001-01-02,Ducati World Racing Challenge makes a good effort at providing the kind of gameplay and variety that racing fanatics desire.,68,
12091,Ball Breakers,2000-07-26,"Sentenced to eternity in an ultra violent intergalactic prison for a crime you didn't commit, you only have one shot at freedom, and it's a long hard road to roll down. You will have to go head to head with the ""Best of the Worst"". The most vicious and violent humanoid prisoners the galaxy has to offer. Fight your way across the universe, beating any and all opponents... If you're tough enough, you can win back the freedom that is rightfully yours... if you're the last man rolling!",68,5.3
12363,Vanishing Point,2001-02-05,Vanishing Point is one of the most original and enjoyable racing games to come around in a long time.,68,7.6
12617,Dave Mirra Freestyle BMX: Maximum Remix,2001-05-21,"The graphics in Maximum Remix are roughly identical to the first game, so you're stuck with muddy, ugly textures and quite a bit of texture warping.",67,7.3
12805,RayCrisis: Series Termination,2000-10-25,"An ambitious and unethical scientist, a secret experiment gone horribly awry, and an artificially intelligent supercomputer gone mad; all the necessary ingredients for the imminent extinction of mankind. You are humanity's last hope, a hotshot pilot given the unenviable task of flying an experimental fighter into the dark heart of the Con-Human Network. Seize the controls of three Wave Rider spacecraft, each equippped with the WR-01 primary weapon array, WR-02 secondary lock-on laser system, and WR-03 single-use weapon for emergency situations. RayCrisis: Series Termination is the final entry in Taito's acclaimed trilogy of shooters, and it bombards your CRT with an abundance of fourth-generation optical stimulation: multilevel scrolling, transparency and lighting effects, and enough polygons to overload your cerebral cortex. Dodge, weave, and blast through two play modes, disintegrating wave after wave of relentless bogeys, to achieve high scores and unlock hidden bonuses. Prepare your senses, reinforce your nerves, and limber your trigger finger - the final assault has begun!",67,
12895,F1 Championship Season 2000,2000-09-30,"EA has created the best-looking and best-sounding PlayStation Formula One title to date, and it has excellent gameplay and features to boot.",66,9
12939,SnoCross Championship Racing,2000-08-22,"Strap on your goggle and helmet, choose your favorite sled and hit the courses. Gain experience day and night, sun, rain or snow, racing on the icy flats of Murmansk, the slopes of Aspen and the tunnels of Nagano.",66,
13041,RPG Maker,2000-09-19,"For the first time ever, RPG fanatics are given the chance to be true game designers. You construct an entire RPG using the massive library of in-game design tools: plot your story path, create an incredibly nasty boss, customize dungeons and maps, even animate your own title screen. When your RPG masterpiece is complete, save it and challenge friends to play through your one-of-a-kind fantasy adventure creation.",66,7.7
13117,Bust A Groove 2,1999-03-31,"In the tradition of Bust a Groove, Bust a Groove 2 is a captivating game about music, rhythm, dancing, style and competition. In Bust a Groove 2, you control one of 18 characters who compete in an epic dance-a-thon in dynamic dance venues around the world and the universe. Bust a Groove 2 has spectacular, fluid dance moves that allow even a casual gamer to become a natural dancer after just a few minutes.",66,8.6
13320,Disney's The Emperor's New Groove,2000-11-13,"Take on, self-absorbed Emperor named Kuzco. Add a devious royal advisor named Yzma, her brawny assistant Kronk and their potion that turns Kuzco into a llama. Introduce a good-hearted peasant named Pacha, to help Kuzco. And, what do you get? Al-paca trouble!",66,7.3
13454,Tiger Woods PGA Tour Golf,2000-11-13,"Those simply looking for a good PlayStation golf game are better off looking at the Hot Shots series than picking up this antiquated, middle-of-the-road golf game.",65,
13666,Mega Man X6,2001-12-04,"It's been three weeks since Earth's near collision with the space colony Eurasia. The disaster was averted by Zero's heroics. Now, on a bruised and battered planet, tales of rampagning reploids are surfacing. It's up to Mega Man X to investigate these mysteries but it's not going to be easy. Mega Man X must battle through a maze of levels and rescure reploids along the way. Return to battle agagin and again with the new Nightmare System, which randomizes level maps, enemies and endings based on how you play the game. Mega man X is back and now it's personal!",65,7.8
13669,Razor Freestyle Scooter,2000-12-11,"While the game is aimed at a younger crowd, it still manages to be good, albeit short-term, fun.",65,
13760,"Monsters, Inc. Scream Team",2001-10-30,More sophisticated players will likely find this 3D platformer to be too repetitive and easy.,65,7.3
14036,Harry Potter and the Sorcerer's Stone,2001-11-15,"Leave the nonmagical world behind and enroll in Hogwarts School of Witchcraft and Wizardry in Harry Potter and The Sorcerer's Stone. As Harry Potter, you will hone your magical skills and advance through three terms of study during Harry's first year at Hogwarts. Each term will challenge you to meet a number of objectives, such as collecting and mixing potions with Professor Snape or piloting a flying broom through the Forbidden Forest in search of Neville Longbottom's Remembrall. In order to pass the first year of study, players must complete over 29 different objectives, while avoiding enemies and obstacles.",64,7.5
14377,The Weakest Link,2001-09-24,Activision's version of The Weakest Link attempts to capture every element of the popular British game show.,63,8
14407,Star Wars: Demolition,2000-11-12,"Star Wars Demolition might seem like some half-baked attempt to cash in on the Star Wars license, though it's actually a competently executed game.",63,7.1
14450,C-12: Final Resistance,2002-07-22,"The population is threatened with near extinction as hostile alien forces ravage the planet, converting human survivors into cyborg warriors. Working against all odds and armed with an Alien Imaging Unit that has replaced his left eye, Resistance fighter Lt. Riley Vaghan must use firepower, stealth, intelligence and sheer determination to save humankind from impeding doom.",63,8.1
14636,One Piece Mansion,2001-09-30,"Offering an unfamiliar style of addictive puzzle gameplay and boasting the personality of a vast assortment of wacky characters, One Piece Mansion is a fine buy for fans of the genre.",62,
14796,Hoshigami: Ruining Blue Earth,2001-12-20,"In the mystical land of Mardias, the Valaimian Empire threatens to upset the balance of power of the continent. Our hero, Fazz and his band of mercenaries are hired to protect one of the Ruins of Xia from the Valaimian forces. Little do they know, that a more sinister power is rising. Will you be able to stop it before the world of Hoshigami is engulfed in eternal darkness?",62,7.5
14844,Stuart Little 2,2002-07-17,"Join Stuart Little on his fun-filled journey through grand Manhattan. The evil Falcon has stolen some of the city's most precious jewelry and it's up to Stuart to get them back! Luckily, Stuart wants your help and with it, the sinister Falcon doesn't stand a chance!",62,7.1
14848,Hogs of War,2000-09-05,"With four people joining in, the number of onscreen explosions, pig-speech comments, and all-around nuttiness nearly lifts the game into the same sphere of quality as Worms or Bomberman.",62,8.6
14917,Driver 2,2000-11-13,"The crime world's fastest getaway driver is back on the streets in Driver 2, the sequel to the action-packed Driver. Like its predecessor, Driver 2 is an adrenalin-fueled, high-speed car chase through the streets of four cities, where you, as Tanner, infiltrate the criminal underworld, using your driving skills as well as your cunning to disrupt their plans. All the true-to-life features of Driver; such as realistic car handling, complete with damage modeling and true, real-world physics reactions on all cars; extensive production, giving the cities an amazing realism, featuring recognizable landmarks; new features such as foot missions, dual player, and the enhanced cut scenes make this game a real adrenalin rush.",62,7.7
14979,007: The World is not Enough,2000-11-06,"Experience the intensity of being the world's top secret agent. Equipped with a full arsenal of Q-Lab gadgets and weaponry, you must be suave and resourceful as you carry out action-packed missions based on the blockbuster movie.",61,6.7
15017,Disney's Aladdin in Nasira's Revenge,2001-03-15,"Aladdin is about to face his biggest adventure yet. He's got to dart through the marketplace of Agrabah; break his way through the Palace; escape imprisonment in the dungeon; journey through an oasis; survive the fiery Cave of Wonders; rescue Jasmine from booby traps in the Pyramids; save the Sultan from the grasp of evil in the Ancient City; and battle Nasira in her secret lair, And Jafar is never far away...",61,7.1
15201,Alien Resurrection,2000-10-10,"Ellen Ripley died trying to wipe out the Aliens. Now, 200 years later, scientists have resurrected Ripley - along with the Alien Queen - hoping to create the ultimate weapon. Teamed with a crew of renegade space pirates on a research vessel headed for Earth, they must fight for survival and destroy the Aliens once and for all.",61,7.5
16360,Sydney 2000,2000-07-31,"If you buy into the whole button-mashing mentality of track and field games, you'll find that Sydney 2000 turns in a solid, finger-numbing performance.",57,
16161,Darkstone,2001-01-28,Darkstone makes an excellent case for making a modest $10 investment.,58,7.6
16234,Dragon Valor,2000-10-16,"The branching family tree adds a measure of replay value, but the game is average enough that few will want to play it through more than once.",57,8.6
16840,El Matador,2006-09-29,"El Matador is a third person, tactical action game, where the player takes on the role of a DEA agent, whose aim is to bring down the narkomafia, an organised crime syndicate in South America. Driven by revenge for what the narkomafia did to his brother, the player will progress through a story which weaves its way throughout the adventure, combines all the essential features of surprise, unexpected twists and dramatic developments. It is a tale of corruption, revenge, moral ambiguity and ultimate justice. The game features a wide varieties of essential gadgets which facilitate completion of stealth based missions, allowing the player to slip unnoticed through enemy lines. [Cenega Publishing]",54,4.8
16856,Sonic and the Black Knight,2009-03-03,"Sonic and the Black Knight is a Wii-exclusive adventure. Part of the storybook series of games that began with Sonic and the Secret Rings, this title brings Sonic into the world of Arthurian legend and offers the world's most famous blue hedgehog the chance to become a knight. Using the unique Wii control system, this game takes advantage of both the Wii Remote and the Nunchuk to offer an interactive experience that Sonic fans will love. Created by Sonic Team in Japan, this innovative game takes Sonic into a medieval world and arms him with a sword to aid in his effort to save the day. Sonic and the Black Knight hosts an irresistible cast of characters and teaches Sonic fans what it takes to be a true hero and the ultimate knight. With a series of missions set in stunning Arthurian-inspired locations, Sonic and the Black Knight promises a fast-paced adventure. [Sega]",54,7
16969,Jagged Alliance: Rage!,2018-12-06,"Jagged Alliance returns with a new take on turn-based tactics, adventure elements and the well-known quirky mercenaries. Set 20 years after the first Jagged Alliance, this spin-off lets you experience a road trip into a jungle hell to test your mind and body to the limits. This time it’s just you and a few allies versus an entire island ruled by a drug overlord and his crazed army. Do you have what it takes to rise to old glory?",54,3.4
17032,Fable II Pub Games,2008-08-13,"[Xbox Live Arcade] Available exclusively on Xbox LIVE Arcade, you can transfer the gold earned in these casino-style mini-games to the world of Fable II. Play these mini-games and build your Fable II bankroll. The Fable II Pub Games (available as one download) are: Keystone: A combination of Craps and Roulette; Spinnerbox: An updated take on slot machines; Fortune's Tower: A ""press your luck"" style of game. The download also includes a Shell, which is a tutorial of all three games. [Microsoft]",53,6.1
17086,Bust-A-Move Bash!,2007-04-17,"Bust-A-Move Bash utilizes the unique interactivity of the Wii Remote to bring Bust-A-Move franchise fans a completely new way to experience its puzzle-based game play. Puzzle Mode: play 500 levels across five different puzzle areas. Endless Mode: a challenging test of bubble-bursting skill and endurance. Vs. Mode: allows up to 8 players to go head-to-head simultaneously; Shooting Mode: an all-new mode where bubbles come at players from all angles; to handle the non-stop assault, players can use the Wii Remote and Nunchuk Controller together. Bust-A-Move Bash! features 10 different characters, including franchise favorites Bub and Bob as well as many new additions. Players will experience a variety of game modes and options. In addition, a new Hyper option speeds up game play while the Slip feature allows players to connect fired bubbles to similar colors even though their aim may be off. [Nintendo]",53,3.5
17100,Carmen Sandiego: The Secret of the Stolen Drums,2004-09-08,"The last descendant of an African King reveals an ancient secret with his dying words: Deep in the jungles of Rwanda lies a hidden temple containing a great diamond which possesses the knowledge of all nations. The map to the temple has been etched onto the skins of eight drums scattered throughout the world. All eight drums must be re-united to open the temple. But beware, the drums are protected by mysterious powers, and legend has it that elemental spirits guard the treasure! Meanwhile, priceless African antiquities are turning up missing from museums all over the world. Missing or stolen? The M.O. looks hauntingly familiar? The A.C.M.E. team recognizes Carmen Sandiego?s infamous signature. Now, join A.C.M.E. agent-in-training, Cole Gannon, along with Jules Argent and Shadow Hawkins, in an all-new action-adventure on the trail of Carmen Sandiego, the world?s greatest thief. This case will take Cole around the world; from a museum in New York, to the beaches of New Zealand, to the Incan ruins of Machu Picchu, and that's just the beginning. While on the case, Cole will have to use acrobatics, stealth, martial arts, and most of all, his wit, to stop Carmen from unearthing the drums and making off with the lost treasure! [BAM! Entertainment]",53,
17435,Baseball Riot,2018-01-19,"Start a baseball riot! Help Gabe Carpaccio take vengeance on the unholy alliance of his former team and a corrupt energy drink manufacturer Explodz Inc.! Baseball Riot is a sequel to the fan favourite Tennis in the Face. Baseball Riot is a fun physics based puzzle game packed with slapstick comedy and mayhem! Take control of retired star batter Gabe Carpaccio as he goes on a crusade to free his former team from the grasp of Explodz Inc. Smash baseballs at various Explodz fueled goons such as obnoxious fans, biased umpires, leery catchers and more. Bounce the ball of walls and platforms to knock out many targets with one hit. Detonate Explodz crates to launch the baddies sky high! See the enemies tumble as hapless ragdolls and try to master each level by collecting three stars. Conquer more than 100 levels and save the day!",51,5.6
17463,Gomo,2013-12-06,Gomo is point'n'click exploration game created by Fishcow Studio. Help Gomo to save his best friend - dog Dingo on his journey.,50,4.8
17483,Death by Game Show,2016-01-22,"A twitch-action and strategy game, a hybrid in which reaction and resources are equally important. Inspired by the movie Idiocracy, pop culture, and our skewed sense of humor, this is a twist on frenetic-off-the-wall-strategy.",50,
17509,Start the Party! Save the World,2012-03-06,"Your PlayStationMove motion controller is about to turn into some of the craziest gadgets imaginable in Start the Party! Save the World on the PlayStation3 system. From the depths of the ocean to skyscraper rooftops, Dr. Terrible is wreaking havoc - pick up your motion controller and battle with this devious enemy. - Grab your PlayStationMove motion controller and prepare to battle Dr. Terrible in a series of hilarious mini-games. - See yourself on-screen as you use your motion controller to scoop up fish, swat flies and rescue lost divers. - Challenge up to three friends on PS3, take down an evil villain and save the world in four different game modes.",50,5.3
17642,Bicycle Casino,2004-10-26,"Bicycle Casino 2005 captures all of the glamour and excitement of high-stakes gaming and brings it straight from the Vegas Strip to your PC. Play your favorite games of chance--including Blackjack, Poker, Roulette, and Slots--at Treasure Island, the Mirage, and the Bellagio, one of the Strip's most beautiful and romantic resort casinos. Earn ""comp"" awards through 21 of your favorite casino games or try the Ultimate Casino Challenge. This is your chance to be a virtual high roller.",49,4.8
17912,Championship Surfer,2000-11-19,Each of the surfers is modeled and textured in seamless 3-D with a full set of animations that accurately reflects their individual style and moves. [Mattel Interactive],47,
17923,Blood Drive,2010-11-02,"In Blood Drive, contestants must use their motorized death steeds of steel in a televised game show where drivers battle each other and hordes of revolting flesh eaters in an all-out fight to the death. Face undead frat boys, cops, strippers and bachelorette partiers, each with their own special brand of death and devastation - and ways to die! While these rotting monsters wander the streets of a desert sin city craving sweet, succulent brains, your enemies have come equipped battle hardened armed vehicles, including heavily weaponized muscle cars, hot rods, and more. Amidst this gore-drenched mayhem contestants must use their head or lose it!",47,7.7
17949,Major Minor's Majestic March,2009-04-02,"In a town where marching bands are prevalent and everyone is looking to be the best, Major Mike Minor is fairly ambivalent towards marches despite hailing from a long line of illustrious Drum Majors. After his parents present him with a ""special"" baton that magically attracts band members to fall into rhythm behind the leader, will Major Minor finally fulfill his potential and share the joy of marching with the world? Major Minor's Majestic March marks the return of the creative team behind the renowned PaRappa the Rapper franchise--legendary game designer and multimedia musician Masaya Matsuura and famed New York artist Rodney Alan Greenblat. Your Wii Remote is Major Minor's ""special"" bandleader baton, used to keep tempo, recruit new band members and pick-up valuable items. If your rhythm is unstable confusion will result; band members will drop out and you could ultimately fail the stage. March in 7 different whimsical locations that contain various hair-raising events. Use your best efforts to create the most impressive parade ever whilst nimbly avoiding obstacles. Add 15 different instruments to your procession, from brass to woodwinds to percussion. As the makeup of the band changes, so does the performance; it all depends on which members you select! Try different combinations each time you play. Numerous modes of play. March and keep tempo to more than 30 well-known marching band tunes from around the world, composed into original medleys for each unique stage. Dazzle the crowd with your incredible baton-twirling displays during brief intermissions. [Majesco]",46,
17965,Nightcaster II: Equinox,2002-12-11,"Nightcaster II: Equinox is a vibrant 3D action spell-shooter set in a dark fantasy world. Embark on your adventure as Madelyn, the warrior, or Arran, her husband and the hero of the first Nightcaster. This fast moving adventure features multidirectional spell casting combined with intense melee combat to create an exhilarating and captivating gameplay experience. With more than 35 types of goblins, trolls, dragons, and other enemies to decimate, you will certainly have your hands full.",46,5.6
18279,Justice League: Chronicles,2003-11-12,"In Justice League: Chronicles, it's up to the greatest superheroes of all time to save the world from danger. Super villains have unleashed a triple threat for global domination and the Justice League must join forces to combat the evil menace. You'll take control of your favorite DC Comics Super Heroes including Batman, Superman, The Flash, Wonder Woman, Green Lantern, Hawkgirl, and Martian Manhunter, using each character's superpowers, skills, and special weapons to battle the combined forces of their greatest foes.",43,
18312,Contra: Rogue Corps,2019-09-24,"ROGUE CORPS, You know the Drill! CONTRA ROGUE CORPS is an over the top run and gun game with fast paced ultra-violent combat. Offering both single and multiplayer options, CONTRA ROGUE CORPS is an incredible gameplay experience alone or with your friends.",42,5
18345,Rugby 18,2017-10-24,"Experience the full intensity of the biggest matches with Rugby 18, the most complete rugby game to date. Jump into the roles of the official players from the most prestigious teams and leagues of the 2017-2018 season: Aviva Premiership Rugby, Wales, England, Scotland... Dominate all the game phases using intuitive controls, and enjoy innovative gameplay that faithfully reproduces each situation of the sport. On attack or defence, your teammates take their positions and move to develop the game depending on your decisions. Lead your favourite club to the top in Career mode, replay the biggest leagues and tournaments in League mode, and re-write history in the Match of the Week. Build up your dream team in My Squad mode by selecting your favourite players from all of the game's teams. Play one-on-one against a friend on the same console, or against players from around the world online.",41,3.8
18370,JASF: Jane's Advanced Strike Fighters,2011-11-15,Experience an intense modern flight action sim in JASF: Jane's Advanced Strike Fighters.,41,4.1
18434,Tamarin,2020-09-10,"SAVE YOUR FAMILY FROM THE INSECT INVASION Explore an incredible interconnected 3D world, brimming with primate platforming and bug-splattering shooter action. Leap with the agility of a tamarin as you journey into the Northern wilderness on scenic routes through forests, fjords and mountains. Along the way you will chase mysterious electrical fireflies, discover a secret underground world of dancing ants, rescue innocent birds, and restore the tamarins' once idyllic natural habitat. What kind of game is it? Tamarin features a unique gameplay mix that alternates between 3D-platforming and exploration, and third-person shooter gameplay. The game is inspired by the more open 3D adventures from Nintendo and Rare, and by nature and all the wonderful plants and animals in it.",40,6.8
18551,Duke Nukem: Land of the Babes,2000-09-19,"In the distant Future, vicious aliens rule the Earth. Only bodacious babes survive, enslaved by the hostile alien overlords. The women and the world need a hero. And there is only one man big enough for the job! Duke Nukem is back! And he's ready to score!",37,6.9
18708,The Simpsons Wrestling,2001-04-12,"In the end, wit and charm are the two most redeeming features of The Simpsons Wrestling, as it simply can't survive on its gameplay alone.",32,5.4
18764,HBO Boxing,2000-11-20,HBO Boxing is another disappointing boxing game that fails to even come close to re-creating the look and feel of the sport in the ring.,26,4
18767,KISS Pinball,2001-04-25,"KISS fans will be disappointed by the distinct lack of KISS, and pinball fans will be disappointed by the distinct lack of pinball.",26,5
18777,Dragon Ball Z: Ultimate Battle 22,2003-03-25,"The Japanese blockbuster is here! An international smash hit, this vintage Dragon Ball Z® fighter features 22 famed DBZ® warriors for you to recreate epic, one-on-one Dragon Ball Z® battles. Easy to play but tough to master, this long-awaited classic offers matchups from the Buu™, Frieza® and Android Sagas. Experience the DBZ® game that has thrilled fans all over the world!",25,5.1
